Country,Year,IT_power_MW,Annual_GWh_equivalent,National_annual_consumption_GWh,Denominator_source,Exposure_pct,Excluded_countries
United Kingdom,2024,1660,14541.6,280983.1,"IEA (current data, last 12 months)",5.18,
United Kingdom,2025,1772,15522.7,280983.1,"IEA (current data, last 12 months)",5.52,
United Kingdom,2026,1930,16906.8,280983.1,"IEA (current data, last 12 months)",6.02,
United Kingdom,2028,2292,20077.9,280983.1,"IEA (current data, last 12 months)",7.15,
United Kingdom,2030,2770,24265.2,280983.1,"IEA (current data, last 12 months)",8.64,
Germany,2024,1458,12772.1,481499.5,"IEA (current data, last 12 months)",2.65,
Germany,2025,1737,15216.1,481499.5,"IEA (current data, last 12 months)",3.16,
Germany,2026,2167,18982.9,481499.5,"IEA (current data, last 12 months)",3.94,
Germany,2028,3091,27077.2,555000.0,ENTSO-E ERAA 2025 (projection for this year),4.88,
Germany,2030,3892,34093.9,604000.0,ENTSO-E ERAA 2025 (projection for this year),5.64,
Netherlands,2024,915,8015.4,113916.7,"IEA (current data, last 12 months)",7.04,
Netherlands,2025,951,8330.8,113916.7,"IEA (current data, last 12 months)",7.31,
Netherlands,2026,1086,9513.4,113916.7,"IEA (current data, last 12 months)",8.35,
Netherlands,2028,1380,12088.8,157000.0,ENTSO-E ERAA 2025 (projection for this year),7.7,
Netherlands,2030,1717,15040.9,180000.0,ENTSO-E ERAA 2025 (projection for this year),8.36,
France,2024,760,6657.6,423434.8,"IEA (current data, last 12 months)",1.57,
France,2025,813,7121.9,423434.8,"IEA (current data, last 12 months)",1.68,
France,2026,874,7656.2,423434.8,"IEA (current data, last 12 months)",1.81,
France,2028,1082,9478.3,500000.0,ENTSO-E ERAA 2025 (projection for this year),1.9,
France,2030,1308,11458.1,516000.0,ENTSO-E ERAA 2025 (projection for this year),2.22,
Ireland,2024,485,4248.6,34777.4,"IEA (current data, last 12 months)",12.22,
Ireland,2025,543,4756.7,34777.4,"IEA (current data, last 12 months)",13.68,
Ireland,2026,569,4984.4,34777.4,"IEA (current data, last 12 months)",14.33,
Ireland,2028,695,6088.2,42000.0,ENTSO-E ERAA 2025 (projection for this year),14.5,
Ireland,2030,903,7910.3,45000.0,ENTSO-E ERAA 2025 (projection for this year),17.58,
Norway,2024,352,3083.5,133139.0,"IEA (current data, last 12 months)",2.32,
Norway,2025,451,3950.8,133139.0,"IEA (current data, last 12 months)",2.97,
Norway,2026,495,4336.2,133139.0,"IEA (current data, last 12 months)",3.26,
Norway,2028,943,8260.7,133139.0,"IEA (current data, last 12 months)",6.2,
Norway,2030,1408,12334.1,133139.0,"IEA (current data, last 12 months)",9.26,
Italy,2024,267,2338.9,293489.7,"IEA (current data, last 12 months)",0.8,
Italy,2025,363,3179.9,293489.7,"IEA (current data, last 12 months)",1.08,
Italy,2026,577,5054.5,293489.7,"IEA (current data, last 12 months)",1.72,
Italy,2028,1079,9452.0,333000.0,ENTSO-E ERAA 2025 (projection for this year),2.84,
Italy,2030,1568,13735.7,352000.0,ENTSO-E ERAA 2025 (projection for this year),3.9,
Switzerland,2024,243,2128.7,58491.9,"IEA (current data, last 12 months)",3.64,
Switzerland,2025,274,2400.2,58491.9,"IEA (current data, last 12 months)",4.1,
Switzerland,2026,302,2645.5,58491.9,"IEA (current data, last 12 months)",4.52,
Switzerland,2028,380,3328.8,58491.9,"IEA (current data, last 12 months)",5.69,
Switzerland,2030,433,3793.1,58491.9,"IEA (current data, last 12 months)",6.48,
Spain,2024,240,2102.4,247926.2,"IEA (current data, last 12 months)",0.85,
Spain,2025,286,2505.4,247926.2,"IEA (current data, last 12 months)",1.01,
Spain,2026,428,3749.3,247926.2,"IEA (current data, last 12 months)",1.51,
Spain,2028,801,7016.8,274000.0,ENTSO-E ERAA 2025 (projection for this year),2.56,
Spain,2030,1693,14830.7,291000.0,ENTSO-E ERAA 2025 (projection for this year),5.1,
Poland,2024,197,1725.7,161418.5,"IEA (current data, last 12 months)",1.07,
Poland,2025,228,1997.3,161418.5,"IEA (current data, last 12 months)",1.24,
Poland,2026,291,2549.2,161418.5,"IEA (current data, last 12 months)",1.58,
Poland,2028,365,3197.4,170000.0,ENTSO-E ERAA 2025 (projection for this year),1.88,
Poland,2030,466,4082.2,178000.0,ENTSO-E ERAA 2025 (projection for this year),2.29,
Iceland (EEA),2024,190,1664.4,18015.2,"IEA (current data, last 12 months)",9.24,
Iceland (EEA),2025,226,1979.8,18015.2,"IEA (current data, last 12 months)",10.99,
Iceland (EEA),2026,242,2119.9,18015.2,"IEA (current data, last 12 months)",11.77,
Iceland (EEA),2028,333,2917.1,18015.2,"IEA (current data, last 12 months)",16.19,
Iceland (EEA),2030,413,3617.9,18015.2,"IEA (current data, last 12 months)",20.08,
Sweden,2024,157,1375.3,127439.1,"IEA (current data, last 12 months)",1.08,
Sweden,2025,198,1734.5,127439.1,"IEA (current data, last 12 months)",1.36,
Sweden,2026,246,2155.0,127439.1,"IEA (current data, last 12 months)",1.69,
Sweden,2028,493,4318.7,155000.0,ENTSO-E ERAA 2025 (projection for this year),2.79,
Sweden,2030,790,6920.4,163000.0,ENTSO-E ERAA 2025 (projection for this year),4.25,
Finland,2024,115,1007.4,84677.7,"IEA (current data, last 12 months)",1.19,
Finland,2025,167,1462.9,84677.7,"IEA (current data, last 12 months)",1.73,
Finland,2026,208,1822.1,84677.7,"IEA (current data, last 12 months)",2.15,
Finland,2028,379,3320.0,93000.0,ENTSO-E ERAA 2025 (projection for this year),3.57,
Finland,2030,653,5720.3,106000.0,ENTSO-E ERAA 2025 (projection for this year),5.4,
Belgium,2024,91,797.2,80723.0,"IEA (current data, last 12 months)",0.99,
Belgium,2025,105,919.8,80723.0,"IEA (current data, last 12 months)",1.14,
Belgium,2026,118,1033.7,80723.0,"IEA (current data, last 12 months)",1.28,
Belgium,2028,198,1734.5,96000.0,ENTSO-E ERAA 2025 (projection for this year),1.81,
Belgium,2030,294,2575.4,104000.0,ENTSO-E ERAA 2025 (projection for this year),2.48,
Czech Republic,2024,77,674.5,59015.6,"IEA (current data, last 12 months)",1.14,
Czech Republic,2025,79,692.0,59015.6,"IEA (current data, last 12 months)",1.17,
Czech Republic,2026,84,735.8,59015.6,"IEA (current data, last 12 months)",1.25,
Czech Republic,2028,116,1016.2,67000.0,ENTSO-E ERAA 2025 (projection for this year),1.52,
Czech Republic,2030,124,1086.2,69000.0,ENTSO-E ERAA 2025 (projection for this year),1.57,
Austria,2024,65,569.4,67440.9,"IEA (current data, last 12 months)",0.84,
Austria,2025,68,595.7,67440.9,"IEA (current data, last 12 months)",0.88,
Austria,2026,79,692.0,67440.9,"IEA (current data, last 12 months)",1.03,
Austria,2028,124,1086.2,69000.0,ENTSO-E ERAA 2025 (projection for this year),1.57,
Austria,2030,151,1322.8,74000.0,ENTSO-E ERAA 2025 (projection for this year),1.79,
Luxembourg,2024,64,560.6,5876.8,"IEA (current data, last 12 months)",9.54,
Luxembourg,2025,64,560.6,5876.8,"IEA (current data, last 12 months)",9.54,
Luxembourg,2026,66,578.2,5876.8,"IEA (current data, last 12 months)",9.84,
Luxembourg,2028,66,578.2,8000.0,ENTSO-E ERAA 2025 (projection for this year),7.23,
Luxembourg,2030,67,586.9,8000.0,ENTSO-E ERAA 2025 (projection for this year),7.34,
Denmark,2024,53,464.3,40262.6,"IEA (current data, last 12 months)",1.15,
Denmark,2025,65,569.4,40262.6,"IEA (current data, last 12 months)",1.41,
Denmark,2026,97,849.7,40262.6,"IEA (current data, last 12 months)",2.11,
Denmark,2028,241,2111.2,52000.0,ENTSO-E ERAA 2025 (projection for this year),4.06,
Denmark,2030,399,3495.2,62000.0,ENTSO-E ERAA 2025 (projection for this year),5.64,
Portugal,2024,35,306.6,54917.4,"IEA (current data, last 12 months)",0.56,
Portugal,2025,56,490.6,54917.4,"IEA (current data, last 12 months)",0.89,
Portugal,2026,272,2382.7,54917.4,"IEA (current data, last 12 months)",4.34,
Portugal,2028,763,6683.9,63000.0,ENTSO-E ERAA 2025 (projection for this year),10.61,
Portugal,2030,1262,11055.1,75000.0,ENTSO-E ERAA 2025 (projection for this year),14.74,
Other Southern Europe,2024,34,297.8,,N/A,,
Other Southern Europe,2025,34,297.8,,N/A,,
Other Southern Europe,2026,35,306.6,,N/A,,
Other Southern Europe,2028,96,841.0,,N/A,,
Other Southern Europe,2030,108,946.1,,N/A,,
Bulgaria,2024,32,280.3,33750.3,"IEA (current data, last 12 months)",0.83,
Bulgaria,2025,32,280.3,33750.3,"IEA (current data, last 12 months)",0.83,
Bulgaria,2026,34,297.8,33750.3,"IEA (current data, last 12 months)",0.88,
Bulgaria,2028,35,306.6,33000.0,ENTSO-E ERAA 2025 (projection for this year),0.93,
Bulgaria,2030,39,341.6,34000.0,ENTSO-E ERAA 2025 (projection for this year),1.0,
Greece,2024,28,245.3,46501.2,"IEA (current data, last 12 months)",0.53,
Greece,2025,31,271.6,46501.2,"IEA (current data, last 12 months)",0.58,
Greece,2026,48,420.5,46501.2,"IEA (current data, last 12 months)",0.9,
Greece,2028,116,1016.2,57000.0,ENTSO-E ERAA 2025 (projection for this year),1.78,
Greece,2030,177,1550.5,59000.0,ENTSO-E ERAA 2025 (projection for this year),2.63,
Romania,2024,26,227.8,45954.8,"IEA (current data, last 12 months)",0.5,
Romania,2025,27,236.5,45954.8,"IEA (current data, last 12 months)",0.51,
Romania,2026,35,306.6,45954.8,"IEA (current data, last 12 months)",0.67,
Romania,2028,53,464.3,56000.0,ENTSO-E ERAA 2025 (projection for this year),0.83,
Romania,2030,62,543.1,58000.0,ENTSO-E ERAA 2025 (projection for this year),0.94,
Hungary,2024,17,148.9,44555.1,"IEA (current data, last 12 months)",0.33,
Hungary,2025,18,157.7,44555.1,"IEA (current data, last 12 months)",0.35,
Hungary,2026,18,157.7,44555.1,"IEA (current data, last 12 months)",0.35,
Hungary,2028,19,166.4,51000.0,ENTSO-E ERAA 2025 (projection for this year),0.33,
Hungary,2030,20,175.2,56000.0,ENTSO-E ERAA 2025 (projection for this year),0.31,
Estonia,2024,14,122.6,7502.5,"IEA (current data, last 12 months)",1.63,
Estonia,2025,18,157.7,7502.5,"IEA (current data, last 12 months)",2.1,
Estonia,2026,18,157.7,7502.5,"IEA (current data, last 12 months)",2.1,
Estonia,2028,21,184.0,10000.0,ENTSO-E ERAA 2025 (projection for this year),1.84,
Estonia,2030,24,210.2,10000.0,ENTSO-E ERAA 2025 (projection for this year),2.1,
Croatia,2024,14,122.6,17608.1,"IEA (current data, last 12 months)",0.7,
Croatia,2025,17,148.9,17608.1,"IEA (current data, last 12 months)",0.85,
Croatia,2026,18,157.7,17608.1,"IEA (current data, last 12 months)",0.9,
Croatia,2028,47,411.7,17000.0,ENTSO-E ERAA 2025 (projection for this year),2.42,
Croatia,2030,79,692.0,17000.0,ENTSO-E ERAA 2025 (projection for this year),4.07,
Slovakia,2024,14,122.6,22418.6,"IEA (current data, last 12 months)",0.55,
Slovakia,2025,14,122.6,22418.6,"IEA (current data, last 12 months)",0.55,
Slovakia,2026,15,131.4,22418.6,"IEA (current data, last 12 months)",0.59,
Slovakia,2028,15,131.4,32000.0,ENTSO-E ERAA 2025 (projection for this year),0.41,
Slovakia,2030,15,131.4,32000.0,ENTSO-E ERAA 2025 (projection for this year),0.41,
Lithuania,2024,12,105.1,17642.1,"IEA (current data, last 12 months)",0.6,
Lithuania,2025,13,113.9,17642.1,"IEA (current data, last 12 months)",0.65,
Lithuania,2026,14,122.6,17642.1,"IEA (current data, last 12 months)",0.7,
Lithuania,2028,14,122.6,15000.0,ENTSO-E ERAA 2025 (projection for this year),0.82,
Lithuania,2030,14,122.6,17000.0,ENTSO-E ERAA 2025 (projection for this year),0.72,
Latvia,2024,10,87.6,6741.6,"IEA (current data, last 12 months)",1.3,
Latvia,2025,20,175.2,6741.6,"IEA (current data, last 12 months)",2.6,
Latvia,2026,22,192.7,6741.6,"IEA (current data, last 12 months)",2.86,
Latvia,2028,29,254.0,7000.0,ENTSO-E ERAA 2025 (projection for this year),3.63,
Latvia,2030,34,297.8,9000.0,ENTSO-E ERAA 2025 (projection for this year),3.31,
Slovenia,2024,5,43.8,12795.9,"IEA (current data, last 12 months)",0.34,
Slovenia,2025,6,52.6,12795.9,"IEA (current data, last 12 months)",0.41,
Slovenia,2026,8,70.1,12795.9,"IEA (current data, last 12 months)",0.55,
Slovenia,2028,10,87.6,16000.0,ENTSO-E ERAA 2025 (projection for this year),0.55,
Slovenia,2030,11,96.4,16000.0,ENTSO-E ERAA 2025 (projection for this year),0.6,
EU27 (25 countries available),2024,,45122.6,2532286.1,"IEA (current data, last 12 months)",1.78,"Cyprus, Malta"
EU27 (25 countries available),2025,,51850.6,2532286.1,"IEA (current data, last 12 months)",2.05,"Cyprus, Malta"
EU27 (25 countries available),2026,,64753.9,2532286.1,"IEA (current data, last 12 months)",2.56,"Cyprus, Malta"
EU27 (25 countries available),2028,,98392.4,2928000.0,ENTSO-E ERAA 2025 (projection for this year),3.36,"Cyprus, Malta"
EU27 (25 countries available),2030,,138074.9,3135000.0,ENTSO-E ERAA 2025 (projection for this year),4.4,"Cyprus, Malta"
