Country,Month,Years_ago,Recency_weight,Consumption_GWh,Residual_GWh,Residual_pct_trend,Anomaly_score
Belgium,2012-02,14.25,0.1387,7772.3,572.4,8.23,-0.2965
Belgium,2020-04,6.08,0.4303,5970.0,-604.1,-8.87,-0.2827
Belgium,2010-12,15.42,0.118,8183.1,512.4,7.17,-0.2257
Belgium,2022-11,3.5,0.6156,6379.7,-392.1,-5.97,-0.174
Belgium,2013-03,13.17,0.1612,7790.8,368.2,5.24,-0.1552
Belgium,2020-05,6.0,0.4353,6263.0,-248.2,-3.65,-0.1405
Belgium,2011-01,15.33,0.1194,7978.0,-100.3,-1.4,-0.1369
Belgium,2012-03,14.17,0.1403,7412.1,63.2,0.91,-0.1037
Belgium,2024-01,2.33,0.7236,7577.1,218.8,3.41,-0.076
Belgium,2022-10,3.58,0.6085,6311.8,-296.5,-4.51,-0.0735
Belgium,2025-01,1.33,0.8312,7987.1,293.2,4.34,-0.0728
Belgium,2023-04,3.08,0.6522,6467.5,270.4,4.2,-0.0477
Belgium,2025-10,0.58,0.9223,6452.2,-262.8,-3.93,-0.033
Belgium,2015-12,10.42,0.236,7134.4,-291.7,-4.22,-0.0329
Belgium,2018-04,8.08,0.3261,6646.6,-170.0,-2.41,-0.0302
Belgium,2025-03,1.17,0.8507,6943.6,-238.1,-3.51,-0.0293
Belgium,2022-12,3.42,0.6227,6912.4,-167.3,-2.55,-0.0276
Belgium,2023-10,2.58,0.699,6208.8,-262.3,-4.07,-0.0173
Belgium,2013-04,13.08,0.163,6921.7,134.1,1.91,-0.0151
Belgium,2017-02,9.25,0.2774,7004.7,-197.3,-2.84,-0.0111
Belgium,2018-01,8.33,0.315,7727.2,-224.2,-3.2,-0.0085
Belgium,2025-12,0.42,0.9439,6964.7,-274.9,-4.09,-0.0072
Belgium,2021-04,5.08,0.4943,6921.8,226.2,3.26,-0.0055
Bulgaria,2025-02,1.25,0.8409,3371.7,360.1,13.09,-0.2429
Bulgaria,2022-03,4.17,0.5612,3147.4,296.9,11.24,-0.2074
Bulgaria,2025-03,1.17,0.8507,2784.5,-174.2,-6.33,-0.1999
Bulgaria,2018-04,8.08,0.3261,2173.8,-212.0,-8.2,-0.1788
Bulgaria,2017-01,9.33,0.2742,3566.7,275.6,10.56,-0.1538
Bulgaria,2024-11,1.5,0.8123,3041.2,225.4,8.21,-0.1223
Bulgaria,2019-03,7.17,0.3703,2647.1,-203.5,-7.71,-0.1172
Bulgaria,2021-04,5.08,0.4943,2611.4,184.6,7.03,-0.0743
Bulgaria,2021-03,5.17,0.4886,3018.2,190.5,7.27,-0.0657
Bulgaria,2025-10,0.58,0.9223,2780.3,162.4,5.84,-0.0581
Bulgaria,2016-02,10.25,0.2415,2568.6,-149.9,-6.1,-0.0574
Bulgaria,2022-04,4.08,0.5678,2462.7,28.6,1.08,-0.051
Bulgaria,2023-01,3.33,0.63,3082.6,-175.0,-6.79,-0.0483
Bulgaria,2018-12,7.42,0.3577,3274.6,183.8,6.98,-0.0355
Bulgaria,2023-02,3.25,0.6373,2948.6,113.9,4.43,-0.0355
Bulgaria,2017-02,9.25,0.2774,2882.9,8.7,0.33,-0.0336
Bulgaria,2023-04,3.08,0.6522,2539.4,159.6,6.18,-0.0289
Bulgaria,2024-02,2.25,0.732,2765.0,-99.8,-3.83,-0.0287
Bulgaria,2017-03,9.17,0.2806,2669.3,-159.8,-6.1,-0.0246
Bulgaria,2024-01,2.33,0.7236,3416.7,145.2,5.6,-0.0204
Bulgaria,2015-12,10.42,0.236,2761.8,-139.1,-5.69,-0.0182
Bulgaria,2016-01,10.33,0.2387,3247.3,111.6,4.55,-0.0143
Bulgaria,2024-12,1.42,0.8217,3284.1,70.5,2.56,-0.0126
Bulgaria,2015-11,10.5,0.2333,2388.8,-126.9,-5.19,-0.011
Bulgaria,2021-05,5.0,0.5,2245.3,-63.2,-2.4,-0.0032
Bulgaria,2021-01,5.33,0.4774,3110.3,-157.8,-6.1,-0.0001
Czech Republic,2012-02,14.25,0.1387,5723.4,545.8,11.29,-0.3038
Czech Republic,2020-04,6.08,0.4303,4321.4,-435.4,-8.83,-0.2811
Czech Republic,2010-12,15.42,0.118,5728.5,426.5,8.83,-0.2388
Czech Republic,2012-03,14.17,0.1403,5136.9,-152.9,-3.16,-0.1633
Czech Republic,2018-03,8.17,0.3223,5912.8,343.4,6.72,-0.1361
Czech Republic,2020-05,6.0,0.4353,4400.1,-248.3,-5.04,-0.1312
Czech Republic,2017-01,9.33,0.2742,6225.1,321.8,6.37,-0.1271
Czech Republic,2015-12,10.42,0.236,5114.6,-274.9,-5.59,-0.1214
Czech Republic,2014-07,11.83,0.1939,4485.9,269.3,5.62,-0.1119
Czech Republic,2018-04,8.08,0.3261,4758.1,-181.5,-3.55,-0.1052
Czech Republic,2022-10,3.58,0.6085,4739.6,-246.1,-4.98,-0.0916
Czech Republic,2011-01,15.33,0.1194,5602.7,-74.9,-1.55,-0.0817
Czech Republic,2024-01,2.33,0.7236,5804.4,232.4,4.92,-0.072
Czech Republic,2014-03,12.17,0.1851,5016.4,-230.2,-4.81,-0.0679
Czech Republic,2013-03,13.17,0.1612,5443.8,182.3,3.8,-0.0466
Czech Republic,2017-02,9.25,0.2774,5313.0,-90.9,-1.8,-0.0244
Czech Republic,2023-09,2.67,0.691,4160.7,-194.4,-4.05,-0.0115
Czech Republic,2022-03,4.17,0.5612,5665.2,112.1,2.2,-0.0075
Czech Republic,2023-01,3.33,0.63,5543.6,-182.4,-3.74,-0.0039
Czech Republic,2024-03,2.17,0.7405,4979.4,-199.8,-4.23,-0.0013
Denmark,2020-12,5.42,0.4719,2700.9,-353.7,-12.88,-0.305
Denmark,2021-01,5.33,0.4774,3349.7,136.0,4.93,-0.205
Denmark,2010-12,15.42,0.118,3284.7,247.7,9.08,-0.1928
Denmark,2012-01,14.33,0.1371,2944.5,-220.2,-8.12,-0.181
Denmark,2011-01,15.33,0.1194,3074.2,-109.9,-4.02,-0.1429
Denmark,2025-01,1.33,0.8312,3769.2,231.9,7.52,-0.1219
Denmark,2022-10,3.58,0.6085,2603.6,-184.4,-6.68,-0.1188
Denmark,2021-02,5.25,0.483,3116.7,214.5,7.75,-0.1088
Denmark,2023-03,3.17,0.6447,3134.1,173.1,6.32,-0.1034
Denmark,2023-12,2.42,0.7153,3472.8,222.8,7.57,-0.1012
Denmark,2024-01,2.33,0.7236,3587.1,181.0,6.13,-0.0865
Denmark,2020-02,6.25,0.4204,3081.3,175.0,6.31,-0.0626
Denmark,2014-02,12.25,0.183,2634.8,-144.3,-5.45,-0.0611
Denmark,2021-03,5.17,0.4886,3125.2,129.0,4.65,-0.0359
Denmark,2011-04,15.08,0.1236,2492.4,-145.8,-5.3,-0.0316
Denmark,2011-09,14.67,0.1309,2658.8,162.1,5.98,-0.0305
Denmark,2024-04,2.08,0.7492,2983.8,120.5,4.05,-0.0304
Denmark,2024-05,2.0,0.7579,2723.3,-105.0,-3.51,-0.0289
Denmark,2025-02,1.25,0.8409,3345.4,110.5,3.56,-0.0267
Denmark,2012-02,14.25,0.1387,2819.7,-21.5,-0.79,-0.0251
Denmark,2020-09,5.67,0.4559,2364.8,-126.3,-4.67,-0.0202
Denmark,2011-08,14.75,0.1294,2677.3,153.7,5.66,-0.0126
Denmark,2021-12,4.42,0.5421,3335.0,150.2,5.22,-0.0119
Denmark,2021-04,5.08,0.4943,2814.6,142.8,5.12,-0.0002
Germany,2010-12,15.42,0.118,51016.9,3680.8,8.08,-0.2605
Germany,2012-02,14.25,0.1387,50063.1,3861.1,8.54,-0.2566
Germany,2017-01,9.33,0.2742,44851.5,-3117.0,-7.09,-0.2452
Germany,2020-04,6.08,0.4303,36447.5,-2842.2,-6.95,-0.2015
Germany,2022-11,3.5,0.6156,39649.0,-2317.7,-5.77,-0.1475
Germany,2012-03,14.17,0.1403,47311.4,-466.2,-1.03,-0.1394
Germany,2020-05,6.0,0.4353,36879.2,-2087.1,-5.1,-0.116
Germany,2011-01,15.33,0.1194,50144.7,664.4,1.46,-0.1108
Germany,2013-01,13.33,0.1575,50622.9,1922.0,4.3,-0.1078
Germany,2018-08,7.75,0.3415,43633.2,2018.8,4.64,-0.1032
Germany,2022-12,3.42,0.6227,39793.7,-1988.0,-4.97,-0.0873
Germany,2011-06,14.92,0.1265,40682.4,-1831.3,-4.04,-0.0781
Germany,2013-08,12.75,0.1708,40825.0,-1983.6,-4.44,-0.0668
Germany,2014-01,12.33,0.1809,49711.7,1864.7,4.25,-0.0592
Germany,2017-02,9.25,0.2774,43963.8,-1000.4,-2.27,-0.0588
Germany,2015-10,10.58,0.2306,46371.7,1764.0,4.01,-0.0535
Germany,2022-10,3.58,0.6085,39247.1,-1693.6,-4.2,-0.0321
Germany,2016-06,9.92,0.2529,42742.0,1452.0,3.29,-0.0285
Germany,2019-05,7.0,0.3789,42224.6,1634.4,3.84,-0.0278
Germany,2016-07,9.83,0.2558,41800.4,-1071.3,-2.43,-0.0207
Germany,2024-04,2.08,0.7492,39436.5,1039.3,2.6,-0.0158
Germany,2012-07,13.83,0.1469,41842.0,-1764.6,-3.93,-0.0148
Germany,2014-12,11.42,0.2054,47165.8,1498.2,3.42,-0.0136
Germany,2018-01,8.33,0.315,46904.5,-1210.7,-2.74,-0.0086
Germany,2014-07,11.83,0.1939,43159.7,733.4,1.68,-0.0074
Germany,2018-02,8.25,0.3186,43560.8,-1553.7,-3.52,-0.0054
Germany,2011-07,14.83,0.1279,42413.4,-1453.8,-3.22,-0.005
Germany,2015-05,11.0,0.2176,40373.7,-1657.1,-3.77,-0.0045
Germany,2020-10,5.58,0.4612,43156.9,1463.7,3.57,-0.0015
Germany,2022-02,4.25,0.5548,41615.1,-1465.0,-3.48,-0.0011
Germany,2013-05,13.0,0.1649,41888.0,-843.1,-1.89,-0.001
Estonia,2012-02,14.25,0.1387,766.2,99.2,16.47,-0.2364
Estonia,2017-11,8.5,0.3078,631.2,-67.3,-10.19,-0.2033
Estonia,2022-02,4.25,0.5548,642.4,-69.3,-10.7,-0.1961
Estonia,2018-08,7.75,0.3415,702.2,91.6,13.18,-0.1917
Estonia,2021-12,4.42,0.5421,853.1,90.1,13.82,-0.1863
Estonia,2022-01,4.33,0.5484,755.8,-38.6,-5.95,-0.1672
Estonia,2019-12,6.42,0.4108,745.1,-54.0,-7.85,-0.1639
Estonia,2018-06,7.92,0.3337,648.2,69.9,10.2,-0.1496
Estonia,2016-01,10.33,0.2387,829.4,54.6,8.67,-0.1329
Estonia,2018-09,7.67,0.3455,601.9,-21.2,-3.05,-0.1024
Estonia,2012-03,14.17,0.1403,696.5,10.8,1.79,-0.0925
Estonia,2010-12,15.42,0.118,782.1,61.0,10.0,-0.0911
Estonia,2023-01,3.33,0.63,686.6,-45.8,-7.78,-0.0828
Estonia,2024-01,2.33,0.7236,800.2,56.0,9.33,-0.0722
Estonia,2020-12,5.42,0.4719,872.3,50.7,7.14,-0.0578
Estonia,2016-11,9.5,0.2679,726.2,50.2,7.87,-0.0509
Estonia,2015-12,10.42,0.236,698.1,-43.5,-6.91,-0.0493
Estonia,2024-03,2.17,0.7405,645.1,-37.9,-6.3,-0.0438
Estonia,2018-03,8.17,0.3223,800.1,40.6,5.98,-0.0408
Estonia,2020-01,6.33,0.4156,796.9,-36.3,-5.27,-0.0371
Estonia,2014-01,12.33,0.1809,795.4,42.1,6.91,-0.0361
Estonia,2018-07,7.83,0.3376,570.2,-7.8,-1.13,-0.0313
Estonia,2022-03,4.17,0.5612,697.1,-28.1,-4.36,-0.0268
Estonia,2017-12,8.42,0.3114,746.9,-25.2,-3.81,-0.0131
Estonia,2019-11,6.5,0.4061,770.6,44.1,6.41,-0.013
Estonia,2011-02,15.25,0.1207,715.2,40.3,6.61,-0.0108
Estonia,2016-12,9.42,0.2711,728.6,-22.5,-3.52,-0.0104
Estonia,2011-06,14.92,0.1265,462.0,-37.3,-6.16,-0.0094
Estonia,2024-02,2.25,0.732,684.8,19.0,3.17,-0.0092
Estonia,2011-01,15.33,0.1194,759.6,4.6,0.75,-0.0087
Estonia,2013-03,13.17,0.1612,730.9,31.5,5.09,-0.002
Estonia,2013-05,13.0,0.1649,533.8,-30.7,-4.96,-0.0013
Ireland,2018-03,8.17,0.3223,2787.4,287.1,12.37,-0.2521
Ireland,2019-01,7.33,0.3618,2763.7,217.8,9.59,-0.2125
Ireland,2018-10,7.58,0.3495,2112.5,-176.5,-7.7,-0.1796
Ireland,2019-11,6.5,0.4061,2611.4,189.9,8.16,-0.157
Ireland,2010-12,15.42,0.118,2534.9,198.1,9.43,-0.1491
Ireland,2020-04,6.08,0.4303,2134.4,-167.7,-7.1,-0.1487
Ireland,2018-11,7.5,0.3536,2212.5,-152.2,-6.7,-0.1319
Ireland,2018-04,8.08,0.3261,2318.2,52.0,2.24,-0.1296
Ireland,2020-08,5.75,0.4506,2386.0,164.8,6.92,-0.1249
Ireland,2020-05,6.0,0.4353,2119.5,-146.5,-6.17,-0.1247
Ireland,2021-02,5.25,0.483,2672.7,146.6,5.94,-0.1221
Ireland,2020-09,5.67,0.4559,2339.7,108.1,4.5,-0.0778
Ireland,2021-03,5.17,0.4886,2584.7,-59.8,-2.42,-0.0762
Ireland,2012-03,14.17,0.1403,2114.9,-109.5,-5.36,-0.0621
Ireland,2023-05,3.0,0.6598,2363.2,-123.9,-4.77,-0.0603
Ireland,2012-12,13.42,0.1557,2187.8,-109.9,-5.33,-0.0594
Ireland,2020-07,5.83,0.4454,2379.9,143.2,6.04,-0.0589
Ireland,2020-01,6.33,0.4156,2493.8,-103.6,-4.46,-0.0574
Ireland,2016-04,10.08,0.2471,2242.2,131.5,6.06,-0.0529
Ireland,2021-11,4.5,0.5359,2477.2,-91.3,-3.69,-0.0485
Ireland,2019-02,7.25,0.366,2382.5,49.4,2.17,-0.0456
Ireland,2011-01,15.33,0.1194,2443.1,70.1,3.34,-0.0396
Ireland,2024-06,1.92,0.7667,2406.2,-99.7,-3.68,-0.0324
Ireland,2019-12,6.42,0.4108,2632.8,71.8,3.09,-0.0303
Ireland,2018-12,7.42,0.3577,2443.1,-59.5,-2.62,-0.0264
Ireland,2013-01,13.33,0.1575,2247.6,-86.1,-4.18,-0.0232
Ireland,2016-09,9.67,0.2618,1940.9,-97.2,-4.4,-0.0116
Ireland,2019-06,6.92,0.3833,2212.6,103.2,4.46,-0.0087
Ireland,2016-12,9.42,0.2711,2351.8,-99.4,-4.49,-0.0062
Ireland,2017-01,9.33,0.2742,2559.5,67.8,3.06,-0.0051
Ireland,2020-06,5.92,0.4403,2190.0,20.0,0.84,-0.0039
Greece,2024-06,1.92,0.7667,5072.3,777.4,18.41,-0.2818
Greece,2025-08,0.75,0.9013,4247.4,-478.8,-12.06,-0.2523
Greece,2024-07,1.83,0.7756,5998.5,678.8,16.04,-0.2211
Greece,2023-07,2.83,0.6752,5615.9,521.8,13.02,-0.1701
Greece,2010-12,15.42,0.118,4266.6,-485.1,-10.56,-0.1095
Greece,2020-06,5.92,0.4403,3715.8,-452.8,-11.06,-0.1033
Greece,2024-08,1.75,0.7846,5278.4,295.3,6.99,-0.101
Greece,2016-12,9.42,0.2711,5309.7,472.1,10.09,-0.0909
Greece,2025-07,0.83,0.8909,5483.5,440.2,11.13,-0.0841
Greece,2011-11,14.5,0.134,4404.4,376.0,8.46,-0.0828
Greece,2011-07,14.83,0.1279,5802.2,240.7,5.38,-0.0823
Greece,2017-01,9.33,0.2742,5469.6,437.3,9.36,-0.077
Greece,2011-08,14.75,0.1294,4983.4,-270.3,-6.01,-0.073
Greece,2020-07,5.83,0.4454,4876.5,-294.7,-7.21,-0.0701
Greece,2023-01,3.33,0.63,3916.8,-395.4,-10.0,-0.0681
Greece,2025-01,1.33,0.8312,4154.4,-366.6,-8.81,-0.066
Greece,2011-06,14.92,0.1265,4073.6,-434.8,-9.8,-0.0642
Greece,2019-07,6.83,0.3878,5029.2,-377.7,-8.74,-0.0551
Greece,2013-07,12.83,0.1688,4889.1,-402.8,-9.58,-0.0469
Greece,2023-08,2.75,0.683,5049.3,261.7,6.49,-0.0446
Greece,2022-03,4.17,0.5612,4388.1,368.8,8.82,-0.0401
Greece,2015-06,10.92,0.2202,4087.6,-346.4,-7.94,-0.035
Greece,2018-07,7.83,0.3376,4971.5,-380.0,-8.91,-0.0297
Greece,2021-08,4.75,0.5176,5403.5,389.5,9.15,-0.029
Greece,2025-03,1.17,0.8507,3623.0,-258.2,-6.38,-0.0254
Greece,2025-06,0.92,0.8807,4357.9,320.9,8.1,-0.0248
Greece,2017-02,9.25,0.2774,4420.6,-63.6,-1.36,-0.0215
Greece,2024-12,1.42,0.8217,4001.1,-359.9,-8.57,-0.0164
Greece,2023-12,2.42,0.7153,3865.1,-345.7,-8.53,-0.0149
Greece,2025-02,1.25,0.8409,4087.8,152.6,3.71,-0.0101
Greece,2013-12,12.42,0.1788,4735.2,356.0,8.44,-0.0085
Greece,2011-01,15.33,0.1194,4817.2,-84.7,-1.87,-0.0048
Greece,2020-01,6.33,0.4156,4896.9,344.8,8.22,-0.0034
Greece,2020-02,6.25,0.4204,4261.0,282.1,6.79,-0.0033
Greece,2011-10,14.58,0.1324,3771.6,-284.2,-6.35,-0.0007
Spain,2012-02,14.25,0.1387,22138.0,1845.2,8.96,-0.2995
Spain,2020-04,6.08,0.4303,15509.0,-1866.2,-9.73,-0.2542
Spain,2025-06,0.92,0.8807,21399.1,1405.6,6.9,-0.1924
Spain,2020-05,6.0,0.4353,16634.2,-1385.0,-7.25,-0.1704
Spain,2011-04,15.08,0.1236,18019.9,-1050.1,-5.03,-0.1405
Spain,2012-07,13.83,0.1469,20706.6,-1381.1,-6.77,-0.1347
Spain,2015-07,10.83,0.2227,22761.4,1191.1,5.99,-0.1187
Spain,2013-06,12.92,0.1669,17991.2,-1295.2,-6.59,-0.1111
Spain,2021-02,5.25,0.483,18340.8,-859.3,-4.41,-0.1047
Spain,2022-12,3.42,0.6227,18643.3,-1162.7,-6.06,-0.0947
Spain,2012-03,14.17,0.1403,21132.7,228.3,1.11,-0.091
Spain,2025-07,0.83,0.8909,22873.6,738.0,3.61,-0.0773
Spain,2020-06,5.92,0.4403,17616.7,-1013.7,-5.33,-0.0753
Spain,2017-06,8.92,0.2905,21176.8,1136.5,5.57,-0.0726
Spain,2016-01,10.33,0.2387,20669.7,-1081.7,-5.37,-0.05
Spain,2022-11,3.5,0.6156,17849.1,-1042.0,-5.41,-0.0476
Spain,2013-07,12.83,0.1688,20536.3,-800.0,-4.07,-0.0466
Spain,2020-07,5.83,0.4454,21164.7,525.8,2.77,-0.0407
Spain,2024-08,1.75,0.7846,21601.5,1003.3,5.08,-0.0355
Spain,2015-08,10.75,0.2253,20484.6,-234.1,-1.18,-0.0269
Spain,2011-07,14.83,0.1279,21542.6,-844.2,-4.08,-0.0228
Spain,2017-02,9.25,0.2774,19278.9,-677.2,-3.34,-0.02
Spain,2012-08,13.75,0.1487,21240.8,28.2,0.14,-0.0188
Spain,2010-12,15.42,0.118,22427.7,994.2,4.78,-0.0145
Spain,2019-02,7.25,0.366,19528.5,-543.4,-2.67,-0.012
Spain,2022-07,3.83,0.5878,21967.1,888.4,4.58,-0.005
Spain,2017-07,8.83,0.2939,22041.5,-138.1,-0.67,-0.0035
Spain,2023-01,3.33,0.63,20326.1,-403.8,-2.11,-0.0028
Spain,2016-04,10.08,0.2471,19164.5,890.0,4.43,-0.0027
Spain,2013-12,12.42,0.1788,20991.7,897.4,4.61,-0.0012
France,2012-02,14.25,0.1387,51750.0,7821.8,20.6,-0.324
France,2010-12,15.42,0.118,52875.9,5933.2,15.34,-0.2289
France,2012-03,14.17,0.1403,40747.9,-1850.1,-4.87,-0.1798
France,2017-01,9.33,0.2742,53400.9,4512.6,11.96,-0.1608
France,2018-01,8.33,0.315,45734.9,-3273.8,-8.65,-0.149
France,2017-02,9.25,0.2774,41411.0,-2286.5,-6.06,-0.1193
France,2018-02,8.25,0.3186,46361.5,2543.3,6.72,-0.1169
France,2020-04,6.08,0.4303,29696.5,-3371.5,-9.53,-0.1091
France,2013-03,13.17,0.1612,46919.4,3698.4,9.58,-0.1049
France,2022-11,3.5,0.6156,34197.3,-3128.7,-9.06,-0.0995
France,2011-01,15.33,0.1194,50577.8,808.7,2.09,-0.0909
France,2015-12,10.42,0.236,42137.4,-3403.8,-9.13,-0.0897
France,2011-04,15.08,0.1236,32985.7,-3161.2,-8.22,-0.0739
France,2024-03,2.17,0.7405,36210.2,-2731.1,-7.95,-0.0601
France,2018-03,8.17,0.3223,45457.1,2938.5,7.75,-0.0541
France,2021-02,5.25,0.483,39906.8,-2511.3,-6.89,-0.0397
France,2013-11,12.5,0.1768,42729.9,2650.6,7.11,-0.0312
France,2020-11,5.5,0.4665,36936.3,-1632.2,-4.56,-0.0271
France,2020-10,5.58,0.4612,36098.4,2904.6,8.2,-0.0258
France,2012-04,14.08,0.1419,37659.2,1993.0,5.25,-0.0205
France,2022-10,3.58,0.6085,30112.5,-2324.8,-6.7,-0.0199
France,2016-03,10.17,0.2443,44597.3,2755.8,7.4,-0.0117
France,2022-02,4.25,0.5548,40223.4,-2351.0,-6.42,-0.0084
France,2023-02,3.25,0.6373,38100.2,-1968.6,-5.77,-0.0043
Croatia,2015-10,10.58,0.2306,864.2,-372.8,-27.88,-0.3377
Croatia,2016-07,9.83,0.2558,1610.5,149.4,11.42,-0.1941
Croatia,2016-02,10.25,0.2415,1060.8,-194.5,-14.86,-0.1713
Croatia,2016-11,9.5,0.2679,1164.9,-150.8,-11.1,-0.171
Croatia,2016-03,10.17,0.2443,1106.9,-187.2,-14.47,-0.1535
Croatia,2015-11,10.5,0.2333,1371.1,67.4,5.0,-0.1436
Croatia,2024-07,1.83,0.7756,1720.6,139.6,9.77,-0.1324
Croatia,2016-12,9.42,0.2711,1585.5,101.7,7.49,-0.0871
Croatia,2016-08,9.75,0.2588,1392.0,-67.8,-5.16,-0.0752
Croatia,2021-07,4.83,0.5117,1439.7,-112.8,-8.06,-0.0658
Croatia,2016-04,10.08,0.2471,1214.0,53.7,4.18,-0.0476
Croatia,2024-08,1.75,0.7846,1687.5,109.6,7.65,-0.039
Croatia,2015-09,10.67,0.2279,1344.4,79.0,5.95,-0.0262
Croatia,2018-03,8.17,0.3223,1494.6,107.9,7.78,-0.0147
Croatia,2020-06,5.92,0.4403,1149.7,-97.0,-7.47,-0.0054
Italy,2020-04,6.08,0.4303,18685.5,-2668.0,-11.25,-0.2946
Italy,2020-03,6.17,0.4253,22346.3,-1627.7,-6.86,-0.2427
Italy,2024-08,1.75,0.7846,25442.3,1634.6,6.69,-0.2017
Italy,2015-07,10.83,0.2227,29909.0,1503.2,6.07,-0.1651
Italy,2020-05,6.0,0.4353,21201.4,-1371.6,-5.79,-0.1608
Italy,2014-07,11.83,0.1939,26610.4,-1309.7,-5.4,-0.1271
Italy,2025-06,0.92,0.8807,25714.3,1345.3,5.58,-0.1238
Italy,2020-08,5.75,0.4506,24395.4,1357.5,5.74,-0.1169
Italy,2011-09,14.67,0.1309,27466.9,1162.8,4.44,-0.1142
Italy,2020-09,5.67,0.4559,24850.3,1097.7,4.65,-0.0965
Italy,2014-08,11.75,0.1961,22243.1,-1393.1,-5.75,-0.0885
Italy,2022-10,3.58,0.6085,23087.8,-1281.5,-5.24,-0.0875
Italy,2020-06,5.92,0.4403,22582.9,-1349.7,-5.7,-0.086
Italy,2015-08,10.75,0.2253,23483.2,-674.1,-2.72,-0.081
Italy,2024-09,1.67,0.7937,24057.8,-478.0,-1.96,-0.0751
Italy,2024-07,1.83,0.7756,29140.5,1109.5,4.55,-0.0695
Italy,2012-02,14.25,0.1387,26516.8,1122.2,4.31,-0.0634
Italy,2020-10,5.58,0.4612,24583.0,967.6,4.08,-0.0468
Italy,2010-09,15.67,0.114,25327.3,-657.3,-2.54,-0.0456
Italy,2014-09,11.67,0.1984,24626.5,244.9,1.01,-0.0373
Italy,2017-08,8.75,0.2973,25333.8,828.9,3.3,-0.0361
Italy,2011-07,14.83,0.1279,28869.3,-956.9,-3.66,-0.0124
Italy,2022-12,3.42,0.6227,23296.6,-914.8,-3.77,-0.0114
Italy,2025-07,0.83,0.8909,28012.1,233.2,0.97,-0.0067
Italy,2016-08,9.75,0.2588,23177.4,-893.7,-3.62,-0.0055
Italy,2011-03,15.17,0.1221,27134.5,940.9,3.62,-0.0025
Italy,2020-07,5.83,0.4454,27089.9,-207.7,-0.88,-0.0009
Cyprus,2024-06,1.92,0.7667,548.7,92.7,21.37,-0.2791
Cyprus,2020-06,5.92,0.4403,329.3,-60.3,-16.4,-0.2436
Cyprus,2022-03,4.17,0.5612,431.7,78.8,19.26,-0.2288
Cyprus,2020-07,5.83,0.4454,475.6,-43.0,-11.69,-0.1635
Cyprus,2024-07,1.83,0.7756,633.8,45.9,10.51,-0.1334
Cyprus,2020-09,5.67,0.4559,463.9,46.1,12.68,-0.1229
Cyprus,2022-04,4.08,0.5678,307.7,-3.1,-0.75,-0.1173
Cyprus,2018-05,8.0,0.3299,381.0,47.8,12.4,-0.0847
Cyprus,2016-12,9.42,0.2711,391.0,40.4,10.7,-0.0542
Cyprus,2021-09,4.67,0.5236,430.0,-21.6,-5.43,-0.0441
Cyprus,2024-01,2.33,0.7236,393.1,-34.8,-8.31,-0.0394
Cyprus,2025-02,1.25,0.8409,437.3,26.9,6.0,-0.0393
Cyprus,2025-03,1.17,0.8507,363.9,-27.5,-6.15,-0.0359
Cyprus,2023-07,2.83,0.6752,591.9,31.5,7.68,-0.0302
Cyprus,2021-08,4.75,0.5176,568.9,42.1,10.76,-0.0269
Cyprus,2025-01,1.33,0.8312,425.0,-33.5,-7.46,-0.0181
Cyprus,2022-01,4.33,0.5484,455.5,35.6,8.65,-0.0042
Cyprus,2020-04,6.08,0.4303,240.3,-29.6,-8.06,-0.0027
Cyprus,2023-08,2.75,0.683,581.8,36.1,8.81,-0.0023
Latvia,2013-05,13.0,0.1649,449.2,-74.9,-13.47,-0.2974
Latvia,2012-02,14.25,0.1387,646.2,75.4,13.74,-0.2732
Latvia,2013-06,12.92,0.1669,445.9,-46.4,-8.36,-0.2214
Latvia,2013-01,13.33,0.1575,707.0,61.2,10.82,-0.2057
Latvia,2013-10,12.58,0.1747,594.8,44.7,8.32,-0.1642
Latvia,2013-04,13.08,0.163,514.2,-23.6,-4.24,-0.1404
Latvia,2022-01,4.33,0.5484,630.1,-30.5,-5.25,-0.1339
Latvia,2012-03,14.17,0.1403,601.3,6.9,1.25,-0.1264
Latvia,2013-03,13.17,0.1612,644.5,41.9,7.48,-0.1082
Latvia,2010-12,15.42,0.118,612.0,36.5,7.08,-0.1009
Latvia,2013-07,12.83,0.1688,475.5,-30.7,-5.58,-0.0993
Latvia,2013-11,12.5,0.1768,575.9,21.3,3.98,-0.0886
Latvia,2021-07,4.83,0.5117,561.5,30.3,5.27,-0.0852
Latvia,2012-01,14.33,0.1371,652.2,27.5,5.05,-0.0807
Latvia,2013-02,13.25,0.1593,591.9,6.9,1.22,-0.0644
Latvia,2011-01,15.33,0.1194,588.1,-7.3,-1.41,-0.0372
Latvia,2025-09,0.67,0.9117,498.9,-27.8,-4.89,-0.0323
Latvia,2016-10,9.58,0.2649,525.9,-20.3,-3.81,-0.0186
Latvia,2024-09,1.67,0.7937,492.8,-24.9,-4.44,-0.0077
Latvia,2014-01,12.33,0.1809,642.5,21.0,3.87,-0.0016
Latvia,2024-04,2.08,0.7492,558.3,17.3,3.09,-0.0004
Lithuania,2017-01,9.33,0.2742,724.4,-251.9,-28.28,-0.2782
Lithuania,2025-05,1.0,0.8706,1530.0,301.5,24.18,-0.2304
Lithuania,2025-12,0.42,0.9439,1262.9,-279.4,-19.15,-0.2076
Lithuania,2017-02,9.25,0.2774,708.0,-188.2,-21.01,-0.1937
Lithuania,2017-05,9.0,0.2872,1126.0,221.2,23.96,-0.1874
Lithuania,2017-11,8.5,0.3078,834.2,-131.6,-13.81,-0.1847
Lithuania,2025-04,1.08,0.8606,1395.1,211.7,17.41,-0.1773
Lithuania,2025-06,0.92,0.8807,1377.2,170.9,13.43,-0.158
Lithuania,2017-03,9.17,0.2806,1023.2,76.5,8.45,-0.1546
Lithuania,2017-10,8.58,0.3043,1117.0,144.2,15.08,-0.1257
Lithuania,2025-07,0.83,0.8909,1465.0,220.3,17.07,-0.1228
Lithuania,2025-08,0.75,0.9013,1453.6,161.4,12.27,-0.1017
Lithuania,2025-11,0.5,0.933,1271.3,-172.1,-12.03,-0.0863
Lithuania,2017-06,8.92,0.2905,849.1,-11.0,-1.18,-0.0841
Lithuania,2025-10,0.58,0.9223,1292.7,-112.7,-8.11,-0.0704
Lithuania,2025-02,1.25,0.8409,988.8,-141.8,-12.55,-0.0627
Lithuania,2025-01,1.33,0.8312,1048.8,-120.9,-11.15,-0.0415
Lithuania,2012-05,14.0,0.1436,672.0,-107.2,-13.44,-0.0402
Lithuania,2017-12,8.42,0.3114,921.3,-103.5,-10.99,-0.0393
Lithuania,2021-12,4.42,0.5421,1210.2,115.4,11.41,-0.0331
Lithuania,2024-01,2.33,0.7236,1154.2,111.4,11.64,-0.0134
Lithuania,2025-09,0.67,0.9117,1302.8,9.3,0.69,-0.0129
Lithuania,2017-08,8.75,0.2973,1000.6,97.9,10.58,-0.0098
Lithuania,2016-11,9.5,0.2679,967.0,95.1,11.08,-0.0038
Luxembourg,2020-03,6.17,0.4253,483.3,-53.7,-10.58,-0.2702
Luxembourg,2020-04,6.08,0.4303,438.5,-59.8,-11.76,-0.247
Luxembourg,2012-01,14.33,0.1371,515.5,-52.4,-9.89,-0.2203
Luxembourg,2011-05,15.0,0.125,577.0,39.0,7.15,-0.1522
Luxembourg,2020-02,6.25,0.4204,549.2,36.5,7.18,-0.146
Luxembourg,2020-11,5.5,0.4665,572.0,33.8,6.52,-0.1451
Luxembourg,2011-10,14.58,0.1324,533.1,-28.0,-5.17,-0.1449
Luxembourg,2020-08,5.75,0.4506,487.9,36.1,7.09,-0.1413
Luxembourg,2012-02,14.25,0.1387,545.4,13.2,2.5,-0.1308
Luxembourg,2011-02,15.25,0.1207,516.3,-34.1,-6.26,-0.1206
Luxembourg,2020-05,6.0,0.4353,477.8,-22.6,-4.46,-0.1203
Luxembourg,2020-01,6.33,0.4156,574.6,26.7,5.23,-0.0887
Luxembourg,2010-10,15.58,0.1153,594.4,29.5,5.42,-0.0821
Luxembourg,2011-06,14.92,0.1265,544.9,22.8,4.2,-0.0817
Luxembourg,2011-01,15.33,0.1194,553.1,-29.2,-5.35,-0.0686
Luxembourg,2013-06,12.92,0.1669,466.4,-27.8,-5.4,-0.0546
Luxembourg,2010-11,15.5,0.1166,550.1,-12.6,-2.32,-0.0524
Luxembourg,2022-11,3.5,0.6156,503.1,-25.2,-4.96,-0.0323
Luxembourg,2011-03,15.17,0.1221,551.7,-23.6,-4.33,-0.0321
Luxembourg,2017-02,9.25,0.2774,520.3,-13.8,-2.6,-0.022
Luxembourg,2011-07,14.83,0.1279,564.0,19.5,3.59,-0.0175
Luxembourg,2017-01,9.33,0.2742,590.1,24.2,4.58,-0.016
Luxembourg,2020-09,5.67,0.4559,504.7,5.5,1.08,-0.0063
Luxembourg,2011-09,14.67,0.1309,553.5,23.9,4.44,-0.005
Luxembourg,2023-03,3.17,0.6447,554.8,21.1,4.19,-0.0045
Luxembourg,2010-09,15.67,0.114,549.9,13.2,2.41,-0.0041
Hungary,2020-04,6.08,0.4303,3035.7,-200.9,-5.9,-0.2505
Hungary,2024-01,2.33,0.7236,4132.7,240.2,6.7,-0.2321
Hungary,2012-02,14.25,0.1387,3202.9,170.1,5.59,-0.2006
Hungary,2023-12,2.42,0.7153,3917.8,200.3,5.6,-0.1592
Hungary,2020-05,6.0,0.4353,3090.8,-194.4,-5.69,-0.1471
Hungary,2016-01,10.33,0.2387,3310.4,-176.6,-5.55,-0.1359
Hungary,2020-06,5.92,0.4403,3159.3,-168.2,-4.9,-0.1249
Hungary,2012-03,14.17,0.1403,3083.8,-74.0,-2.43,-0.1023
Hungary,2024-02,2.25,0.732,3614.1,9.6,0.27,-0.0991
Hungary,2020-01,6.33,0.4156,3874.9,148.9,4.35,-0.095
Hungary,2017-08,8.75,0.2973,3397.4,145.8,4.36,-0.0785
Hungary,2022-10,3.58,0.6085,3401.9,-156.1,-4.4,-0.0743
Hungary,2014-08,11.75,0.1961,2864.1,-127.7,-4.15,-0.0602
Hungary,2021-08,4.75,0.5176,3524.1,-50.9,-1.39,-0.0584
Hungary,2021-09,4.67,0.5236,3362.5,-151.3,-4.12,-0.0548
Hungary,2016-02,10.25,0.2415,3075.3,-107.1,-3.36,-0.0478
Hungary,2020-10,5.58,0.4612,3614.7,144.9,4.19,-0.0472
Hungary,2020-11,5.5,0.4665,3690.4,136.8,3.92,-0.0463
Hungary,2014-09,11.67,0.1984,3023.3,93.5,3.03,-0.0459
Hungary,2022-03,4.17,0.5612,3923.0,130.5,3.55,-0.0344
Hungary,2017-10,8.58,0.3043,3274.6,-85.5,-2.55,-0.0337
Hungary,2023-11,2.5,0.7071,3742.8,104.1,2.91,-0.024
Hungary,2024-11,1.5,0.8123,3911.7,132.2,3.56,-0.0223
Hungary,2021-07,4.83,0.5117,3807.9,139.7,3.84,-0.021
Hungary,2020-07,5.83,0.4454,3456.5,-15.6,-0.45,-0.0126
Hungary,2022-11,3.5,0.6156,3526.6,-72.8,-2.06,-0.0103
Hungary,2020-02,6.25,0.4204,3519.4,116.9,3.43,-0.0084
Hungary,2024-07,1.83,0.7756,3825.0,121.3,3.3,-0.0021
Malta,2024-08,1.75,0.7846,334.2,31.4,13.09,-0.2131
Malta,2016-08,9.75,0.2588,213.2,-27.5,-15.47,-0.2101
Malta,2016-07,9.83,0.2558,215.9,-23.0,-13.05,-0.1766
Malta,2023-07,2.83,0.6752,312.3,23.5,10.4,-0.1744
Malta,2020-06,5.92,0.4403,181.4,-23.4,-11.84,-0.1462
Malta,2020-07,5.83,0.4454,240.4,-19.5,-9.87,-0.128
Malta,2025-07,0.83,0.8909,336.4,26.4,10.69,-0.1225
Malta,2025-06,0.92,0.8807,277.6,23.7,9.62,-0.0989
Malta,2016-09,9.67,0.2618,192.4,-11.1,-6.17,-0.094
Malta,2017-01,9.33,0.2742,200.6,20.4,11.08,-0.0832
Malta,2023-08,2.75,0.683,283.2,-6.6,-2.91,-0.079
Malta,2024-09,1.67,0.7937,266.6,2.7,1.11,-0.0703
Malta,2021-08,4.75,0.5176,293.2,20.9,9.99,-0.0637
Malta,2018-07,7.83,0.3376,247.0,-15.1,-7.55,-0.0505
Malta,2025-10,0.58,0.9223,233.8,-11.3,-4.51,-0.0441
Malta,2023-10,2.58,0.699,237.7,15.6,6.85,-0.0389
Malta,2025-08,0.75,0.9013,310.3,-1.0,-0.4,-0.0335
Malta,2021-10,4.58,0.5297,195.0,-12.9,-6.06,-0.0262
Malta,2020-08,5.75,0.4506,264.8,5.1,2.6,-0.0204
Malta,2016-05,10.0,0.25,165.3,14.2,8.08,-0.0086
Malta,2022-10,3.58,0.6085,208.4,-11.9,-5.28,-0.0061
Malta,2016-10,9.58,0.2649,186.7,10.8,5.93,-0.0005
Netherlands,2016-05,10.0,0.25,7585.8,-1097.7,-11.9,-0.2864
Netherlands,2016-08,9.75,0.2588,9889.9,1136.7,12.32,-0.224
Netherlands,2018-05,8.0,0.3299,10151.8,1148.2,12.03,-0.2221
Netherlands,2018-04,8.08,0.3261,9979.8,944.4,9.83,-0.2171
Netherlands,2018-09,7.67,0.3455,7915.6,-919.8,-9.71,-0.1911
Netherlands,2018-06,7.92,0.3337,9515.7,444.6,4.68,-0.1367
Netherlands,2018-07,7.83,0.3376,8534.0,-600.5,-6.34,-0.1348
Netherlands,2016-06,9.92,0.2529,8999.6,202.2,2.19,-0.1335
Netherlands,2018-10,7.58,0.3495,8875.7,-720.0,-7.62,-0.1237
Netherlands,2016-09,9.67,0.2618,8581.4,-25.0,-0.27,-0.1139
Netherlands,2022-10,3.58,0.6085,8472.7,-611.7,-6.84,-0.1057
Netherlands,2018-08,7.75,0.3415,8270.6,-734.6,-7.75,-0.087
Netherlands,2022-11,3.5,0.6156,8758.0,-662.6,-7.42,-0.0763
Netherlands,2019-06,6.92,0.3833,8628.8,-404.8,-4.28,-0.0736
Netherlands,2016-07,9.83,0.2558,9392.8,514.4,5.58,-0.0553
Netherlands,2016-12,9.42,0.2711,9718.6,-541.6,-5.81,-0.0518
Netherlands,2020-04,6.08,0.4303,8299.2,-529.1,-5.63,-0.0438
Netherlands,2018-11,7.5,0.3536,9925.1,33.2,0.35,-0.0187
Netherlands,2019-03,7.17,0.3703,10022.7,468.0,5.04,-0.0172
Netherlands,2017-08,8.75,0.2973,8344.8,-471.6,-5.08,-0.0138
Netherlands,2017-07,8.83,0.2939,8495.7,-415.0,-4.49,-0.0136
Netherlands,2018-01,8.33,0.315,10239.2,-387.4,-4.03,-0.0115
Netherlands,2022-12,3.42,0.6227,9583.0,-243.4,-2.74,-0.0113
Netherlands,2014-01,12.33,0.1809,9889.6,-281.3,-3.08,-0.0033
Netherlands,2022-08,3.75,0.5946,8973.8,451.3,5.02,-0.0015
Austria,2012-02,14.25,0.1387,5973.1,511.2,9.8,-0.2945
Austria,2020-04,6.08,0.4303,4602.5,-489.3,-9.24,-0.2879
Austria,2020-10,5.58,0.4612,5661.1,379.9,7.15,-0.1962
Austria,2023-01,3.33,0.63,5734.8,-337.8,-6.29,-0.1872
Austria,2012-03,14.17,0.1403,5560.6,-100.8,-1.93,-0.1662
Austria,2020-05,6.0,0.4353,4810.6,-239.6,-4.52,-0.1399
Austria,2014-11,11.5,0.2031,5205.1,-244.9,-4.66,-0.0942
Austria,2023-05,3.0,0.6598,5348.2,255.5,4.78,-0.0816
Austria,2014-12,11.42,0.2054,5536.4,-242.0,-4.6,-0.0765
Austria,2013-05,13.0,0.1649,4799.7,-236.3,-4.47,-0.0749
Austria,2020-02,6.25,0.4204,5823.2,266.3,5.01,-0.0699
Austria,2023-04,3.08,0.6522,5356.8,210.6,3.94,-0.0583
Austria,2020-06,5.92,0.4403,4649.9,-212.9,-4.01,-0.0575
Austria,2023-02,3.25,0.6373,5427.7,-174.8,-3.26,-0.0555
Austria,2017-01,9.33,0.2742,6288.9,182.9,3.38,-0.0531
Austria,2018-03,8.17,0.3223,6174.1,226.4,4.11,-0.0516
Austria,2025-11,0.5,0.933,6064.4,253.5,4.51,-0.0458
Austria,2011-04,15.08,0.1236,4829.3,-188.3,-3.61,-0.0454
Austria,2020-11,5.5,0.4665,5614.5,57.9,1.08,-0.0414
Austria,2010-12,15.42,0.118,5947.0,239.5,4.61,-0.0252
Austria,2016-12,9.42,0.2711,5772.0,-142.1,-2.63,-0.025
Austria,2019-05,7.0,0.3789,5500.3,244.2,4.43,-0.0239
Austria,2015-01,11.33,0.2078,6009.2,39.9,0.76,-0.0129
Austria,2021-05,5.0,0.5,5466.6,169.5,3.06,-0.0096
Austria,2020-03,6.17,0.4253,5700.7,-37.1,-0.7,-0.0063
Austria,2023-10,2.58,0.699,5198.9,-187.0,-3.45,-0.0056
Poland,2010-12,15.42,0.118,12372.1,760.7,6.96,-0.2445
Poland,2020-05,6.0,0.4353,11065.9,-661.7,-5.4,-0.1928
Poland,2023-01,3.33,0.63,12501.8,-804.9,-6.54,-0.1866
Poland,2012-02,14.25,0.1387,11978.5,692.1,6.25,-0.1854
Poland,2020-04,6.08,0.4303,11003.7,-777.7,-6.35,-0.1687
Poland,2023-12,2.42,0.7153,12409.5,-641.8,-5.19,-0.1336
Poland,2017-12,8.42,0.3114,12378.7,-569.4,-4.64,-0.1148
Poland,2024-01,2.33,0.7236,13669.3,291.7,2.36,-0.1114
Poland,2019-01,7.33,0.3618,14275.7,579.7,4.56,-0.1102
Poland,2023-03,3.17,0.6447,13432.0,545.0,4.45,-0.1026
Poland,2012-03,14.17,0.1403,11575.6,-157.7,-1.42,-0.0915
Poland,2025-04,1.08,0.8606,13053.5,524.5,4.04,-0.0908
Poland,2019-02,7.25,0.366,12667.8,-254.1,-2.0,-0.0802
Poland,2020-06,5.92,0.4403,11197.7,-346.0,-2.82,-0.0748
Poland,2022-10,3.58,0.6085,12227.5,-508.4,-4.08,-0.0727
Poland,2013-02,13.25,0.1593,10990.4,-370.2,-3.32,-0.0676
Poland,2011-01,15.33,0.1194,12035.4,89.8,0.82,-0.0649
Poland,2023-02,3.25,0.6373,12357.2,-140.1,-1.14,-0.0544
Poland,2024-11,1.5,0.8123,12423.3,-488.0,-3.83,-0.0504
Poland,2014-02,12.25,0.183,11033.8,-393.5,-3.51,-0.0397
Poland,2025-12,0.42,0.9439,13681.4,-447.7,-3.33,-0.0382
Poland,2017-03,9.17,0.2806,12264.7,-449.6,-3.72,-0.0348
Poland,2020-02,6.25,0.4204,12922.3,431.1,3.51,-0.0245
Poland,2024-12,1.42,0.8217,13660.4,200.6,1.57,-0.0237
Poland,2025-05,1.0,0.8706,12803.5,299.7,2.3,-0.0223
Poland,2022-01,4.33,0.5484,13549.2,-430.0,-3.31,-0.0208
Poland,2018-01,8.33,0.315,13367.3,88.8,0.72,-0.0139
Poland,2022-08,3.75,0.5946,12514.9,372.6,2.97,-0.0091
Poland,2023-04,3.08,0.6522,11652.3,-93.4,-0.76,-0.0078
Poland,2020-03,6.17,0.4253,12672.8,-222.5,-1.82,-0.0077
Poland,2021-01,5.33,0.4774,13457.2,-302.7,-2.37,-0.007
Poland,2015-02,11.25,0.2102,11344.9,-370.4,-3.22,-0.0062
Poland,2017-01,9.33,0.2742,12770.3,-263.9,-2.19,-0.0059
Portugal,2013-12,12.42,0.1788,4880.9,738.7,19.31,-0.2913
Portugal,2012-02,14.25,0.1387,4690.0,704.1,17.83,-0.2403
Portugal,2021-06,4.92,0.5058,3299.6,-393.3,-9.84,-0.1943
Portugal,2012-09,13.67,0.1504,4279.5,485.9,12.55,-0.1614
Portugal,2013-07,12.83,0.1688,4412.0,468.2,12.28,-0.1582
Portugal,2013-08,12.75,0.1708,3464.7,-288.6,-7.51,-0.1573
Portugal,2012-03,14.17,0.1403,3883.0,-186.6,-4.73,-0.1355
Portugal,2014-01,12.33,0.1809,4277.3,-147.3,-3.82,-0.1161
Portugal,2011-05,15.0,0.125,4322.0,342.2,8.13,-0.1156
Portugal,2012-01,14.33,0.1371,4858.6,312.1,7.85,-0.0985
Portugal,2013-01,13.33,0.1575,4640.4,217.6,5.65,-0.0851
Portugal,2020-05,6.0,0.4353,3408.3,-333.7,-8.41,-0.085
Portugal,2012-12,13.42,0.1557,3852.6,-327.9,-8.49,-0.0846
Portugal,2010-09,15.67,0.114,4462.4,297.2,7.0,-0.0781
Portugal,2012-10,13.58,0.1521,3687.5,-62.0,-1.61,-0.0664
Portugal,2012-05,14.0,0.1436,3429.0,-302.2,-7.64,-0.0545
Portugal,2013-05,13.0,0.1649,3278.3,-282.0,-7.45,-0.0509
Portugal,2011-01,15.33,0.1194,4643.2,-268.3,-6.18,-0.0499
Portugal,2011-12,14.42,0.1355,4064.7,-286.9,-7.11,-0.0442
Portugal,2021-01,5.33,0.4774,4852.3,289.3,7.25,-0.0426
Portugal,2019-11,6.5,0.4061,4291.9,266.7,6.58,-0.0258
Portugal,2011-06,14.92,0.1265,4028.0,160.4,3.84,-0.0229
Portugal,2023-07,2.83,0.6752,4089.1,-212.3,-5.09,-0.02
Portugal,2021-02,5.25,0.483,3856.4,-160.2,-4.03,-0.0185
Portugal,2011-11,14.5,0.134,3771.6,-284.3,-6.97,-0.0175
Portugal,2016-01,10.33,0.2387,4156.8,-286.4,-7.4,-0.0154
Portugal,2018-04,8.08,0.3261,3887.4,200.1,4.94,-0.0136
Portugal,2011-04,15.08,0.1236,3611.9,-262.1,-6.19,-0.0125
Portugal,2021-07,4.83,0.5117,4100.6,-40.2,-1.0,-0.0097
Portugal,2011-07,14.83,0.1279,4050.6,-201.8,-4.9,-0.0071
Portugal,2017-06,8.92,0.2905,3912.0,237.5,5.97,-0.0036
Romania,2025-03,1.17,0.8507,4756.5,506.4,12.79,-0.2925
Romania,2020-04,6.08,0.4303,3367.6,-374.0,-9.41,-0.2014
Romania,2016-04,10.08,0.2471,4122.6,338.0,8.42,-0.1565
Romania,2025-04,1.08,0.8606,3602.9,-124.5,-3.14,-0.1548
Romania,2021-01,5.33,0.4774,4294.6,-267.4,-6.45,-0.1306
Romania,2020-05,6.0,0.4353,3428.3,-270.0,-6.79,-0.1141
Romania,2017-01,9.33,0.2742,4677.8,307.6,7.77,-0.1075
Romania,2016-08,9.75,0.2588,3589.7,-297.3,-7.49,-0.1051
Romania,2024-07,1.83,0.7756,4166.9,288.6,7.47,-0.0798
Romania,2018-04,8.08,0.3261,3737.3,-173.9,-4.2,-0.0751
Romania,2020-03,6.17,0.4253,4070.5,-194.9,-4.9,-0.0565
Romania,2015-10,10.58,0.2306,4200.8,259.2,6.51,-0.0476
Romania,2023-01,3.33,0.63,3899.6,-211.0,-5.71,-0.0194
Romania,2018-07,7.83,0.3376,3966.5,-210.8,-5.07,-0.019
Romania,2016-05,10.0,0.25,3762.1,52.2,1.31,-0.0161
Romania,2015-09,10.67,0.2279,3872.9,245.9,6.23,-0.0142
Romania,2017-02,9.25,0.2774,4149.9,112.5,2.83,-0.0095
Romania,2021-02,5.25,0.483,4278.7,38.4,0.92,-0.0068
Romania,2019-01,7.33,0.3618,4824.5,234.4,5.61,-0.0038
Slovenia,2025-08,0.75,0.9013,862.7,-118.5,-11.25,-0.2747
Slovenia,2024-11,1.5,0.8123,1127.7,58.9,5.62,-0.2112
Slovenia,2010-10,15.58,0.1153,1093.5,72.0,7.09,-0.1941
Slovenia,2024-10,1.58,0.8029,964.2,-86.9,-8.32,-0.1775
Slovenia,2012-02,14.25,0.1387,1128.1,66.0,6.26,-0.1639
Slovenia,2020-04,6.08,0.4303,964.5,-81.1,-7.42,-0.1504
Slovenia,2019-09,6.67,0.3969,1024.2,-71.5,-6.24,-0.1479
Slovenia,2020-05,6.0,0.4353,986.6,-71.8,-6.56,-0.1412
Slovenia,2025-09,0.67,0.9117,990.8,-15.2,-1.44,-0.1132
Slovenia,2024-12,1.42,0.8217,1169.8,58.0,5.53,-0.1088
Slovenia,2022-10,3.58,0.6085,1013.1,-72.3,-6.7,-0.1072
Slovenia,2012-03,14.17,0.1403,1073.7,-39.1,-3.72,-0.106
Slovenia,2011-12,14.42,0.1355,1064.1,-54.6,-5.18,-0.0811
Slovenia,2024-01,2.33,0.7236,1189.4,54.8,5.34,-0.0761
Slovenia,2011-08,14.75,0.1294,1026.3,48.4,4.61,-0.0713
Slovenia,2013-10,12.58,0.1747,1095.3,49.2,4.73,-0.0413
Slovenia,2018-12,7.42,0.3577,1164.4,-50.6,-4.4,-0.0383
Slovenia,2010-11,15.5,0.1166,1039.2,-4.3,-0.42,-0.0353
Slovenia,2018-03,8.17,0.3223,1257.9,46.7,4.06,-0.0337
Slovenia,2022-11,3.5,0.6156,1048.3,-44.9,-4.19,-0.0325
Slovenia,2019-10,6.58,0.4015,1166.9,15.0,1.31,-0.0322
Slovenia,2020-06,5.92,0.4403,1006.7,-43.8,-4.01,-0.0254
Slovenia,2025-12,0.42,0.9439,1171.2,42.3,3.97,-0.0069
Slovenia,2022-03,4.17,0.5612,1226.5,39.2,3.48,-0.0069
Slovenia,2023-02,3.25,0.6373,1091.8,32.1,3.05,-0.0021
Slovenia,2025-01,1.33,0.8312,1176.8,18.2,1.73,-0.0012
Slovenia,2018-01,8.33,0.315,1210.4,-47.1,-4.1,-0.0009
Slovak Republic,2017-01,9.33,0.2742,2662.9,190.3,8.61,-0.2386
Slovak Republic,2020-04,6.08,0.4303,1795.5,-176.8,-8.58,-0.224
Slovak Republic,2014-06,11.92,0.1917,2123.2,172.1,8.18,-0.2193
Slovak Republic,2012-02,14.25,0.1387,2303.2,129.4,6.12,-0.1601
Slovak Republic,2022-01,4.33,0.5484,2275.3,-140.4,-6.52,-0.1563
Slovak Republic,2020-01,6.33,0.4156,2493.6,130.3,6.2,-0.1494
Slovak Republic,2014-03,12.17,0.1851,2089.1,-147.7,-6.97,-0.1434
Slovak Republic,2025-06,0.92,0.8807,1580.0,-128.0,-6.87,-0.1206
Slovak Republic,2020-05,6.0,0.4353,1821.1,-117.5,-5.72,-0.1109
Slovak Republic,2012-03,14.17,0.1403,2155.1,-73.4,-3.47,-0.0957
Slovak Republic,2019-11,6.5,0.4061,2135.8,-115.7,-5.39,-0.0882
Slovak Republic,2018-04,8.08,0.3261,2064.1,-94.0,-4.19,-0.0816
Slovak Republic,2013-03,13.17,0.1612,2366.1,111.3,5.21,-0.0804
Slovak Republic,2017-02,9.25,0.2774,2289.9,9.8,0.44,-0.0802
Slovak Republic,2011-11,14.5,0.134,2357.3,110.8,5.17,-0.0681
Slovak Republic,2022-10,3.58,0.6085,1901.3,-112.2,-5.72,-0.0592
Slovak Republic,2022-02,4.25,0.5548,2085.1,-112.7,-5.27,-0.0582
Slovak Republic,2011-12,14.42,0.1355,2394.7,86.8,4.08,-0.0552
Slovak Republic,2022-09,3.67,0.6015,1735.1,-89.1,-4.51,-0.055
Slovak Republic,2017-06,8.92,0.2905,2192.5,97.4,4.33,-0.0534
Slovak Republic,2014-04,12.08,0.1873,2034.4,12.9,0.61,-0.0533
Slovak Republic,2014-07,11.83,0.1939,1981.7,14.0,0.67,-0.0492
Slovak Republic,2025-02,1.25,0.8409,2022.5,95.8,5.13,-0.0466
Slovak Republic,2013-01,13.33,0.1575,2481.7,95.0,4.47,-0.045
Slovak Republic,2024-03,2.17,0.7405,1842.8,-96.9,-5.31,-0.0406
Slovak Republic,2012-01,14.33,0.1371,2306.6,-75.6,-3.57,-0.0399
Slovak Republic,2017-07,8.83,0.2939,2080.3,-43.7,-1.94,-0.0249
Slovak Republic,2020-06,5.92,0.4403,1816.8,-82.0,-3.99,-0.0196
Slovak Republic,2022-11,3.5,0.6156,1955.3,-92.0,-4.74,-0.0169
Slovak Republic,2025-07,0.83,0.8909,1676.6,-53.8,-2.9,-0.0138
Slovak Republic,2019-02,7.25,0.366,2185.7,-90.0,-4.06,-0.0129
Slovak Republic,2020-02,6.25,0.4204,2187.3,43.0,2.06,-0.0087
Slovak Republic,2022-12,3.42,0.6227,2008.5,-94.5,-4.91,-0.0085
Slovak Republic,2011-03,15.17,0.1221,2312.0,79.4,3.75,-0.0061
Slovak Republic,2023-01,3.33,0.63,2075.9,-92.9,-4.87,-0.0051
Slovak Republic,2014-08,11.75,0.1961,1877.1,-79.7,-3.81,-0.005
Slovak Republic,2014-09,11.67,0.1984,1984.5,47.8,2.28,-0.0033
Slovak Republic,2018-03,8.17,0.3223,2451.7,91.2,4.07,-0.0033
Slovak Republic,2021-05,5.0,0.5,2145.9,74.5,3.41,-0.0018
Slovak Republic,2024-08,1.75,0.7846,1786.6,75.0,4.07,-0.0005
Finland,2021-12,4.42,0.5421,8910.3,982.7,14.37,-0.278
Finland,2024-03,2.17,0.7405,7105.4,-501.0,-7.45,-0.1961
Finland,2016-01,10.33,0.2387,9037.8,659.1,9.7,-0.1922
Finland,2022-01,4.33,0.5484,8159.4,-264.4,-3.87,-0.1785
Finland,2024-01,2.33,0.7236,8976.7,714.8,10.71,-0.1683
Finland,2020-01,6.33,0.4156,7707.1,-594.6,-8.86,-0.1617
Finland,2011-12,14.42,0.1355,7230.9,-585.0,-8.7,-0.1405
Finland,2023-01,3.33,0.63,7442.2,-527.6,-8.27,-0.1396
Finland,2024-02,2.25,0.732,7784.9,378.1,5.64,-0.1139
Finland,2012-02,14.25,0.1387,8011.8,587.0,8.74,-0.1072
Finland,2013-03,13.17,0.1612,8131.2,389.6,5.68,-0.0961
Finland,2018-03,8.17,0.3223,8481.8,565.0,8.03,-0.0804
Finland,2021-02,5.25,0.483,8030.1,556.8,8.23,-0.0707
Finland,2010-12,15.42,0.118,8737.5,584.9,8.28,-0.0674
Finland,2012-12,13.42,0.1557,8369.1,412.5,6.01,-0.0606
Finland,2013-02,13.25,0.1593,7165.8,-400.2,-5.84,-0.0606
Finland,2020-02,6.25,0.4204,7040.3,-357.2,-5.34,-0.0549
Finland,2021-03,5.17,0.4886,7901.7,240.2,3.54,-0.0516
Finland,2023-02,3.25,0.6373,6695.3,-359.2,-5.66,-0.0453
Finland,2014-02,12.25,0.183,7134.3,-304.3,-4.52,-0.0422
Finland,2019-12,6.42,0.4108,7508.5,-320.8,-4.76,-0.0362
Finland,2015-12,10.42,0.236,7499.6,-387.9,-5.71,-0.0341
Finland,2014-01,12.33,0.1809,8627.6,312.3,4.64,-0.034
Finland,2016-02,10.25,0.2415,7483.7,-11.0,-0.16,-0.0315
Finland,2023-03,3.17,0.6447,7411.0,211.1,3.34,-0.0284
Finland,2011-01,15.33,0.1194,8520.1,-124.8,-1.77,-0.0254
Finland,2023-12,2.42,0.7153,8098.1,351.2,5.28,-0.0252
Finland,2012-03,14.17,0.1403,7482.3,-111.1,-1.65,-0.0155
Finland,2022-03,4.17,0.5612,7334.1,-371.7,-5.45,-0.015
Finland,2011-02,15.25,0.1207,8109.9,349.9,4.96,-0.0108
Finland,2012-01,14.33,0.1371,8208.5,-97.7,-1.45,-0.0089
Finland,2018-04,8.08,0.3261,6884.0,-25.3,-0.36,-0.0063
Finland,2019-02,7.25,0.366,7485.4,-196.6,-2.82,-0.005
Finland,2018-02,8.25,0.3186,8054.0,317.8,4.52,-0.0027
Finland,2022-02,4.25,0.5548,7189.1,-352.5,-5.16,-0.0011
Sweden,2016-12,9.42,0.2711,10786.3,-2502.2,-22.4,-0.2868
Sweden,2016-09,9.67,0.2618,11397.3,1839.1,16.68,-0.2148
Sweden,2016-11,9.5,0.2679,10373.0,-1489.3,-13.42,-0.2054
Sweden,2016-07,9.83,0.2558,10346.3,1562.8,14.12,-0.1742
Sweden,2016-04,10.08,0.2471,9861.3,-1111.8,-9.95,-0.1674
Sweden,2010-12,15.42,0.118,14957.0,1631.1,14.55,-0.1672
Sweden,2017-01,9.33,0.2742,13523.0,-412.0,-3.7,-0.1528
Sweden,2016-08,9.75,0.2588,10138.5,972.5,8.84,-0.1043
Sweden,2012-02,14.25,0.1387,13410.9,1096.5,10.17,-0.0914
Sweden,2012-03,14.17,0.1403,11877.1,-674.4,-6.26,-0.091
Sweden,2023-01,3.33,0.63,12352.5,-756.6,-7.34,-0.0818
Sweden,2016-10,9.58,0.2649,10773.1,-99.7,-0.9,-0.0753
Sweden,2016-03,10.17,0.2443,13514.1,693.4,6.28,-0.0705
Sweden,2020-01,6.33,0.4156,12673.7,-871.0,-8.11,-0.0535
Sweden,2012-12,13.42,0.1557,14149.6,921.9,8.3,-0.053
Sweden,2025-12,0.42,0.9439,11852.6,-862.3,-8.14,-0.0469
Sweden,2022-12,3.42,0.6227,13271.0,807.4,7.8,-0.0466
Sweden,2011-04,15.08,0.1236,10073.7,-894.8,-8.01,-0.0436
Sweden,2021-12,4.42,0.5421,13976.5,1012.7,9.34,-0.0429
Sweden,2011-01,15.33,0.1194,13959.3,-37.6,-0.34,-0.0339
Sweden,2017-05,9.0,0.2872,10163.0,601.5,5.67,-0.0221
Sweden,2017-04,9.08,0.2839,11462.5,949.9,8.87,-0.015
Sweden,2020-11,5.5,0.4665,10803.0,-784.9,-7.25,-0.0116
Sweden,2010-11,15.5,0.1166,12890.2,896.8,7.99,-0.0087
Sweden,2024-01,2.33,0.7236,14440.0,917.0,8.55,-0.0065
Sweden,2018-03,8.17,0.3223,13754.7,950.3,8.61,-0.0049
EU27,2020-04,6.08,0.4303,178712.7,-15155.2,-7.36,-0.2921
EU27,2020-05,6.0,0.4353,182737.0,-9499.0,-4.61,-0.1681
EU27,2018-03,8.17,0.3223,239335.0,8671.9,3.99,-0.1537
EU27,2022-10,3.58,0.6085,192799.0,-8900.3,-4.34,-0.1427
EU27,2022-11,3.5,0.6156,201181.7,-9369.2,-4.59,-0.1368
EU27,2018-01,8.33,0.315,240386.3,-6787.6,-3.13,-0.125
EU27,2020-10,5.58,0.4612,210996.2,8021.7,3.89,-0.1239
EU27,2018-02,8.25,0.3186,229553.5,4680.6,2.16,-0.12
EU27,2024-01,2.33,0.7236,240357.7,5952.4,2.91,-0.0985
EU27,2023-01,3.33,0.63,225397.1,-7245.1,-3.58,-0.0873
EU27,2020-06,5.92,0.4403,184068.5,-6465.8,-3.14,-0.0776
EU27,2024-03,2.17,0.7405,212575.0,-6213.2,-3.02,-0.0694
EU27,2024-04,2.08,0.7492,196491.0,2875.1,1.4,-0.054
EU27,2022-02,4.25,0.5548,215446.2,-5662.5,-2.65,-0.0403
EU27,2019-02,7.25,0.366,218269.8,-4188.4,-1.95,-0.0358
EU27,2018-04,8.08,0.3261,203279.4,-1810.9,-0.83,-0.0352
EU27,2021-12,4.42,0.5421,237209.9,6015.5,2.82,-0.0323
EU27,2022-12,3.42,0.6227,217634.7,-3383.8,-1.66,-0.0276
EU27,2015-10,10.58,0.2306,214009.9,5767.1,2.73,-0.02
EU27,2015-12,10.42,0.236,225036.4,-4713.0,-2.22,-0.0198
EU27,2019-01,7.33,0.3618,250195.8,5333.4,2.48,-0.016
EU27,2017-02,9.25,0.2774,218932.8,-3717.8,-1.73,-0.0094
EU27,2020-11,5.5,0.4665,213245.8,-917.2,-0.44,-0.0078
